Employee_ID,Name,Age,Department,Salary,Joining_Date,Gender,Experience_Years,Performance_Score,Work_Location
1,Emp_1,56,Finance,40575,1/31/2015,Female,19,3,Tokyo
2,Emp_2,46,IT,58423,2/28/2015,M,24,1,Remote
3,Emp_3,32,IT,,3/31/2015,Female,25,5,New York
4,Emp_4,60,Finance,40497,4/30/2015,Female,10,4,Remote
5,Emp_5,25,HR,83146,5/31/2015,M,5,4,Remote
6,Emp_6,38,Marketing,79848,6/30/2015,Male,1,4,New York
7,Emp_7,56,IT,,7/31/2015,Male,6,3,Remote
8,Emp_8,36,HR,53015,8/31/2015,M,17,4,Tokyo
9,Emp_9,40,Finance,60877,9/30/2015,F,26,3,Remote
10,Emp_10,28,Operations,95219,10/31/2015,Female,1,1,Tokyo
11,Emp_11,28,Finance,66074,11/30/2015,Female,26,3,Tokyo
12,Emp_12,41,Finance,73646,12/31/2015,Male,16,3,Tokyo
13,Emp_13,53,IT,56963,1/31/2016,Female,10,4,Remote
14,Emp_14,57,Operations,60913,2/29/2016,Female,26,1,Berlin
15,Emp_15,41,Finance,69707,3/31/2016,Male,11,1,Tokyo
16,Emp_16,20,Marketing,61891,4/30/2016,Male,26,2,Remote
17,Emp_17,39,Marketing,31539,5/31/2016,Female,18,2,New York
18,Emp_18,19,Finance,79208,6/30/2016,Male,21,4,New York
19,Emp_19,41,Marketing,50772,7/31/2016,Female,23,2,New York
20,Emp_20,,IT,91669,8/31/2016,Male,24,3,London
21,Emp_21,47,Marketing,70302,9/30/2016,Female,6,3,New York
22,Emp_22,55,Marketing,61064,10/31/2016,Male,19,3,Remote
23,Emp_23,19,IT,66589,11/30/2016,F,5,4,New York
24,Emp_24,38,HR,58372,12/31/2016,Female,20,3,Tokyo
25,Emp_25,50,Marketing,52703,1/31/2017,M,23,4,New York
26,Emp_26,29,IT,63113,2/28/2017,F,0,3,Remote
27,Emp_27,39,Finance,73274,3/31/2017,Female,16,2,Remote
28,Emp_28,61,HR,53032,4/30/2017,Male,28,,London
29,Emp_29,42,IT,50666,5/31/2017,Female,10,2,Remote
30,Emp_30,44,Marketing,54667,6/30/2017,Female,21,1,New York
31,Emp_31,59,HR,74280,7/31/2017,M,25,4,Berlin
32,Emp_32,45,IT,81788,8/31/2017,Female,27,1,New York
33,Emp_33,33,Finance,65430,9/30/2017,Male,17,4,Remote
34,Emp_34,32,Marketing,68719,10/31/2017,Male,20,3,New York
35,Emp_35,64,Finance,50554,11/30/2017,Female,16,5,Tokyo
36,Emp_36,61,Marketing,73151,12/31/2017,M,6,4,Berlin
37,Emp_37,20,IT,682760,1/31/2018,Female,16,3,London
38,Emp_38,54,Operations,49348,2/28/2018,Female,19,5,New York
39,Emp_39,24,Finance,33184,3/31/2018,,8,2,New York
40,Emp_40,,IT,41691,4/30/2018,M,16,,London
41,Emp_41,26,Finance,49961,5/31/2018,Male,19,1,Tokyo
42,Emp_42,56,Operations,77429,6/30/2018,Male,21,3,New York
43,Emp_43,35,Operations,83292,7/31/2018,Male,21,2,London
44,Emp_44,21,Finance,53407,8/31/2018,Male,27,3,New York
45,Emp_45,42,Marketing,53881,9/30/2018,Male,28,2,Berlin
46,Emp_46,31,Marketing,639240,10/31/2018,Male,7,4,New York
47,Emp_47,26,IT,60182,11/30/2018,Male,16,4,London
48,Emp_48,43,IT,73964,12/31/2018,Male,6,,New York
49,Emp_49,19,Finance,52152,1/31/2019,F,0,2,London
50,Emp_50,37,HR,74237,2/28/2019,Male,12,3,Berlin
51,Emp_51,45,Operations,56411,3/31/2019,Female,29,3,London
52,Emp_52,64,Operations,72809,4/30/2019,Female,22,2,New York
53,Emp_53,,Marketing,55934,5/31/2019,,18,2,Berlin
54,Emp_54,61,IT,50803,6/30/2019,Male,26,3,Berlin
55,Emp_55,25,IT,88684,7/31/2019,Female,23,4,New York
56,Emp_56,64,Marketing,75978,8/31/2019,,18,3,Berlin
57,Emp_57,52,Operations,33119,9/30/2019,F,29,3,Remote
58,Emp_58,31,Operations,53298,10/31/2019,F,29,1,New York
59,Emp_59,34,Marketing,78073,11/30/2019,Male,28,1,Berlin
60,Emp_60,53,Marketing,42050,12/31/2019,Male,16,1,Berlin
61,Emp_61,57,HR,71560,1/31/2020,M,12,,London
62,Emp_62,21,Finance,70005,2/29/2020,,28,1,New York
63,Emp_63,19,Operations,,3/31/2020,Female,29,1,New York
64,Emp_64,23,Marketing,59867,4/30/2020,Female,15,2,Remote
65,Emp_65,59,HR,28649,5/31/2020,Male,7,4,Remote
66,Emp_66,,Finance,86556,6/30/2020,F,18,,Tokyo
67,Emp_67,46,Marketing,55363,7/31/2020,Male,17,4,London
68,Emp_68,35,HR,,8/31/2020,Female,0,4,Tokyo
69,Emp_69,43,Finance,69207,9/30/2020,Female,13,3,Tokyo
70,Emp_70,61,IT,80368,10/31/2020,Female,18,1,London
71,Emp_71,51,Marketing,53500,11/30/2020,Male,14,,New York
72,Emp_72,27,Marketing,63057,12/31/2020,Male,17,4,Berlin
73,Emp_73,53,Finance,68386,1/31/2021,M,1,3,London
74,Emp_74,31,Marketing,730880,2/28/2021,Male,21,4,Berlin
75,Emp_75,48,Finance,77315,3/31/2021,Female,27,4,London
76,Emp_76,32,IT,52839,4/30/2021,Male,16,3,New York
77,Emp_77,25,Marketing,50036,5/31/2021,Female,17,,New York
78,Emp_78,31,Marketing,80401,6/30/2021,Female,29,5,London
79,Emp_79,40,Marketing,29443,7/31/2021,Male,5,3,Remote
80,Emp_80,57,Marketing,83550,8/31/2021,Female,18,4,New York
81,Emp_81,38,IT,55465,9/30/2021,Male,3,1,Remote
82,Emp_82,33,HR,59931,10/31/2021,Male,0,4,Tokyo
83,Emp_83,62,IT,49764,11/30/2021,,7,1,Berlin
84,Emp_84,35,Finance,59277,12/31/2021,Female,28,3,London
85,Emp_85,64,Finance,79067,1/31/2022,F,22,,Berlin
86,Emp_86,,Operations,71562,2/28/2022,Male,6,3,Berlin
87,Emp_87,43,IT,67390,3/31/2022,M,2,3,New York
88,Emp_88,42,Operations,61333,4/30/2022,F,9,2,New York
89,Emp_89,62,Marketing,38315,5/31/2022,Female,9,1,Remote
90,Emp_90,58,Marketing,47337,6/30/2022,Female,18,4,Remote
91,Emp_91,46,IT,54851,7/31/2022,Female,13,2,New York
92,Emp_92,32,IT,66865,8/31/2022,Female,1,1,Berlin
93,Emp_93,62,IT,61044,9/30/2022,,27,3,Remote
94,Emp_94,18,Finance,74752,10/31/2022,F,0,4,Remote
95,Emp_95,42,Marketing,67104,11/30/2022,,22,4,Remote
96,Emp_96,24,Finance,60815,12/31/2022,Male,22,1,Berlin
97,Emp_97,26,HR,94136,1/31/2023,M,27,3,London
98,Emp_98,41,Marketing,66093,2/28/2023,,17,3,London
99,Emp_99,18,Finance,53520,3/31/2023,Male,6,3,London
100,Emp_100,61,Operations,87899,4/30/2023,Male,28,4,Berlin
101,Emp_101,25,Operations,78006,5/31/2023,M,7,2,Berlin
102,Emp_102,41,Operations,87241,6/30/2023,Female,0,3,New York
103,Emp_103,28,IT,58336,7/31/2023,F,24,3,Remote
104,Emp_104,34,HR,74644,8/31/2023,Male,22,5,Berlin
105,Emp_105,25,Operations,38207,9/30/2023,F,2,3,Tokyo
106,Emp_106,52,IT,71760,10/31/2023,Male,23,3,London
107,Emp_107,52,Operations,576340,11/30/2023,Male,22,3,Tokyo
108,Emp_108,50,Operations,39674,12/31/2023,Male,26,3,New York
109,Emp_109,22,Operations,,1/31/2024,F,28,4,New York
110,Emp_110,59,Finance,328480,2/29/2024,M,7,3,New York
111,Emp_111,56,IT,31309,3/31/2024,Female,21,4,New York
112,Emp_112,58,Operations,65437,4/30/2024,Female,24,4,London
113,Emp_113,45,IT,,5/31/2024,F,14,3,Tokyo
114,Emp_114,24,Finance,74557,6/30/2024,Female,4,3,New York
115,Emp_115,26,IT,71129,7/31/2024,F,2,5,Berlin
116,Emp_116,25,Operations,82149,8/31/2024,Female,18,3,London
117,Emp_117,29,Marketing,70503,9/30/2024,Female,0,3,Remote
118,Emp_118,51,IT,,10/31/2024,Female,27,,Remote
119,Emp_119,50,HR,58895,11/30/2024,Female,14,1,New York
120,Emp_120,40,Marketing,55766,12/31/2024,M,7,2,London
121,Emp_121,41,Operations,64432,1/31/2025,Female,1,2,New York
122,Emp_122,54,Finance,43539,2/28/2025,Male,2,5,Tokyo
123,Emp_123,52,IT,65113,3/31/2025,F,23,1,Tokyo
124,Emp_124,61,Operations,58703,4/30/2025,Female,13,1,New York
125,Emp_125,57,Marketing,64134,5/31/2025,Female,23,1,Tokyo
126,Emp_126,,Marketing,64180,6/30/2025,,13,1,New York
127,Emp_127,44,Marketing,23216,7/31/2025,M,10,1,New York
128,Emp_128,52,IT,46480,8/31/2025,Male,15,3,Tokyo
129,Emp_129,18,Finance,58370,9/30/2025,,3,3,London
130,Emp_130,52,Marketing,59167,10/31/2025,M,19,2,Tokyo
131,Emp_131,54,Marketing,63890,11/30/2025,Female,4,2,London
132,Emp_132,64,Operations,,12/31/2025,Male,21,1,Remote
133,Emp_133,31,Operations,82743,1/31/2026,F,20,2,New York
134,Emp_134,20,IT,64686,2/28/2026,M,13,3,London
135,Emp_135,18,IT,55304,3/31/2026,Female,22,4,Tokyo
136,Emp_136,22,Marketing,36013,4/30/2026,F,15,1,London
137,Emp_137,43,Marketing,39471,5/31/2026,F,17,3,Remote
138,Emp_138,31,Marketing,68032,6/30/2026,Male,6,2,Berlin
139,Emp_139,56,Marketing,75906,7/31/2026,Female,9,5,Tokyo
140,Emp_140,44,Operations,,8/31/2026,Male,6,4,Berlin
141,Emp_141,26,IT,47581,9/30/2026,M,0,3,Remote
142,Emp_142,32,IT,55442,10/31/2026,Male,22,2,Remote
143,Emp_143,32,HR,63635,11/30/2026,Female,20,5,Berlin
144,Emp_144,43,IT,90710,12/31/2026,F,18,1,Berlin
145,Emp_145,59,HR,61722,1/31/2027,F,15,1,New York
146,Emp_146,30,IT,83268,2/28/2027,Female,28,2,New York
147,Emp_147,49,IT,62549,3/31/2027,F,18,1,Tokyo
148,Emp_148,56,Finance,77298,4/30/2027,Male,3,,New York
149,Emp_149,49,IT,75398,5/31/2027,F,28,4,London
150,Emp_150,21,HR,62491,6/30/2027,Male,27,2,New York
151,Emp_151,47,HR,44694,7/31/2027,Female,17,3,London
152,Emp_152,54,Marketing,55963,8/31/2027,F,1,,Berlin
153,Emp_153,40,IT,82335,9/30/2027,Male,0,5,Remote
154,Emp_154,56,Finance,73167,10/31/2027,Male,14,3,New York
155,Emp_155,62,IT,53495,11/30/2027,M,4,5,Tokyo
156,Emp_156,32,Marketing,54865,12/31/2027,M,19,,Remote
157,Emp_157,60,Finance,34036,1/31/2028,M,10,4,New York
158,Emp_158,46,Marketing,81665,2/29/2028,M,9,1,Berlin
159,Emp_159,53,HR,73290,3/31/2028,Female,1,3,London
160,Emp_160,30,HR,57943,4/30/2028,Male,2,4,London
161,Emp_161,49,IT,63002,5/31/2028,Female,22,2,Remote
162,Emp_162,24,IT,27437,6/30/2028,Male,22,4,New York
163,Emp_163,39,Marketing,52699,7/31/2028,,11,1,Tokyo
164,Emp_164,45,Marketing,80016,8/31/2028,Female,19,1,Berlin
165,Emp_165,19,Operations,74723,9/30/2028,Female,4,2,New York
166,Emp_166,59,IT,64960,10/31/2028,Female,4,1,Tokyo
167,Emp_167,62,IT,59779,11/30/2028,,5,,Remote
168,Emp_168,23,Marketing,71946,12/31/2028,Male,29,4,New York
169,Emp_169,45,Finance,55779,1/31/2029,Female,8,4,Remote
170,Emp_170,45,IT,35029,2/28/2029,Female,1,3,Tokyo
171,Emp_171,,HR,59907,3/31/2029,M,20,2,Tokyo
172,Emp_172,61,HR,66046,4/30/2029,Male,11,3,Tokyo
173,Emp_173,37,Operations,76840,5/31/2029,F,2,3,London
174,Emp_174,47,Marketing,38382,6/30/2029,,19,3,Remote
175,Emp_175,28,Marketing,58156,7/31/2029,Female,25,2,Remote
176,Emp_176,45,IT,58870,8/31/2029,M,21,3,Tokyo
177,Emp_177,42,Finance,43481,9/30/2029,,11,3,Berlin
178,Emp_178,56,Finance,67315,10/31/2029,M,23,,Tokyo
179,Emp_179,50,Finance,71210,11/30/2029,Male,16,5,London
180,Emp_180,18,IT,55639,12/31/2029,Female,9,3,Tokyo
181,Emp_181,44,Marketing,90826,1/31/2030,M,29,3,Tokyo
182,Emp_182,30,Marketing,55209,2/28/2030,Female,23,4,Tokyo
183,Emp_183,58,Finance,53299,3/31/2030,M,26,1,Berlin
184,Emp_184,20,Operations,52864,4/30/2030,,13,5,London
185,Emp_185,56,Marketing,47767,5/31/2030,,22,5,New York
186,Emp_186,,IT,51614,6/30/2030,Female,16,3,New York
187,Emp_187,25,Marketing,38488,7/31/2030,Male,17,2,London
188,Emp_188,44,IT,57127,8/31/2030,,18,2,Berlin
189,Emp_189,26,Finance,60862,9/30/2030,F,16,3,Tokyo
190,Emp_190,54,IT,25757,10/31/2030,Male,13,1,Tokyo
191,Emp_191,50,Marketing,58470,11/30/2030,,8,5,London
192,Emp_192,59,HR,60632,12/31/2030,F,7,1,Tokyo
193,Emp_193,61,Finance,67718,1/31/2031,Female,1,2,London
194,Emp_194,41,HR,78069,2/28/2031,Female,12,5,London
195,Emp_195,32,HR,72770,3/31/2031,Female,24,4,Berlin
196,Emp_196,49,Operations,50694,4/30/2031,Male,6,2,Remote
197,Emp_197,0,Marketing,48953,5/31/2031,Female,8,2,London
198,Emp_198,41,IT,68692,6/30/2031,F,21,1,New York
199,Emp_199,58,HR,51790,7/31/2031,Male,21,4,New York
200,Emp_200,29,IT,,8/31/2031,Female,10,1,New York
